{"cameraMode":{"drawMode":0,"name":"Shaded","section":"Shading Mode"},"sceneLighting":false,"audioPlay":false,"sceneViewState":{"m_AlwaysRefresh":false,"showFog":false,"showSkybox":false,"showFlares":false,"showImageEffects":false,"showParticleSystems":false,"showVisualEffectGraphs":true,"m_FxEnabled":true},"in2DMode":false,"pivot":{"x":3.4200000762939455,"y":0.44999998807907107,"z":-2.5399999618530275},"rotation":{"x":0.039413921535015109,"y":0.921802818775177,"z":-0.3734148144721985,"w":0.0970974937081337},"size":0.6928204298019409,"orthographic":false}